event_id,subject,threshold,distance_masker,distance_target,level_masker,level_target,masker_type,stim_type,talker,normalisation_method,normalisation_level_masker,normalisation_level_target
0,2,-13.1,12.0,7.0,93.00003341222718,76.40815959860568,babble,syllable,p245,mgb_normalisation,93.00003341222715,90.34149293193902
0,2,-14.2,4.0,7.0,87.57049330475357,77.00815959860569,babble,syllable,p245,mgb_normalisation,87.57049330475357,90.34149293193902
0,2,-14.9,6.0,7.0,89.31368318402099,76.47482626527236,babble,syllable,p245,mgb_normalisation,89.31368318402099,90.34149293193902
0,2,-15.1,10.0,7.0,92.0152836843556,75.34149293193902,babble,syllable,p245,mgb_normalisation,92.0152836843556,90.34149293193902
0,2,-12.7,7.0,7.0,90.341492931939,77.54149293193902,babble,syllable,p245,mgb_normalisation,90.34149293193902,90.34149293193902
0,2,-13.9,8.0,7.0,91.58892582949888,75.80815959860568,babble,syllable,p245,mgb_normalisation,91.58892582949886,90.34149293193902
0,2,-13.0,2.0,7.0,84.40078082039426,77.34149293193902,babble,syllable,p245,mgb_normalisation,84.40078082039426,90.34149293193902
