event_id,subject,threshold,distance_masker,distance_target,level_masker,level_target,masker_type,stim_type,talker,normalisation_method,normalisation_level_masker,normalisation_level_target
0,sub_102,-4.75,12.0,7.0,93.00003341222715,85.59149293193902,babble,syllable,p268,mgb_normalisation,93.00003341222715,90.34149293193902
0,sub_102,-8.0,7.0,7.0,90.341492931939,82.34149293193902,babble,syllable,p268,mgb_normalisation,90.34149293193902,90.34149293193902
0,sub_102,-8.75,4.0,7.0,87.57049330475355,81.59149293193902,babble,syllable,p268,mgb_normalisation,87.57049330475357,90.34149293193902
0,sub_102,-11.25,8.0,7.0,91.58892582949886,79.09149293193902,babble,syllable,p268,mgb_normalisation,91.58892582949886,90.34149293193902
0,sub_102,-6.625,6.0,7.0,89.31368318402099,83.71649293193902,babble,syllable,p268,mgb_normalisation,89.31368318402099,90.34149293193902
0,sub_102,-8.0,10.0,7.0,92.0152836843556,82.34149293193902,babble,syllable,p268,mgb_normalisation,92.0152836843556,90.34149293193902
0,sub_102,-10.625,2.0,7.0,84.40078082039427,79.71649293193902,babble,syllable,p268,mgb_normalisation,84.40078082039426,90.34149293193902
