event_id,subject,threshold,distance_masker,distance_target,level_masker,level_target,masker_type,stim_type,talker,normalisation_method,normalisation_level_masker,normalisation_level_target
0,sub_000,-14.6,2.0,7.0,84.40078082039426,76.14149293193901,babble,syllable,p248,mgb_normalisation,84.40078082039426,90.34149293193902
0,sub_000,-11.7,4.0,7.0,87.57049330475357,77.87482626527235,babble,syllable,p248,mgb_normalisation,87.57049330475357,90.34149293193902
0,sub_000,-14.6,6.0,7.0,89.313683184021,75.74149293193902,babble,syllable,p248,mgb_normalisation,89.31368318402099,90.34149293193902
0,sub_000,-13.0,10.0,7.0,92.0152836843556,78.00815959860569,babble,syllable,p248,mgb_normalisation,92.0152836843556,90.34149293193902
0,sub_000,-14.3,7.0,7.0,90.341492931939,75.40815959860568,babble,syllable,p248,mgb_normalisation,90.34149293193902,90.34149293193902
0,sub_000,-9.9,8.0,7.0,91.58892582949888,80.00815959860569,babble,syllable,p248,mgb_normalisation,91.58892582949886,90.34149293193902
0,sub_000,-14.5,12.0,7.0,93.00003341222718,75.67482626527234,babble,syllable,p248,mgb_normalisation,93.00003341222717,90.34149293193902
