{
  "label": "",
  "start_val": 2,
  "n_up": 1,
  "n_down": 2,
  "step_type": "lin",
  "step_sizes": [
    4,
    2,
    2,
    1
  ],
  "_variable_step": true,
  "step_up_factor": 1,
  "step_size_current": 1,
  "n_reversals": 16,
  "finished": true,
  "n_pretrials": 0,
  "this_trial_n": 56,
  "data": [
    true,
    true,
    true,
    false,
    false,
    true,
    true,
    true,
    true,
    true,
    true,
    true,
    true,
    true,
    true,
    true,
    true,
    true,
    true,
    false,
    true,
    true,
    true,
    true,
    false,
    true,
    true,
    true,
    true,
    true,
    true,
    true,
    true,
    false,
    true,
    true,
    true,
    true,
    true,
    false,
    true,
    true,
    false,
    false,
    false,
    true,
    false,
    false,
    true,
    true,
    false,
    true,
    true,
    false,
    true,
    true
  ],
  "intensities": [
    2,
    -2,
    -6,
    -10,
    -8,
    -6,
    -6,
    -8,
    -8,
    -10,
    -10,
    -12,
    -12,
    -14,
    -14,
    -16,
    -16,
    -18,
    -18,
    -20,
    -19,
    -19,
    -20,
    -20,
    -21,
    -20,
    -20,
    -21,
    -21,
    -22,
    -22,
    -23,
    -23,
    -24,
    -23,
    -23,
    -24,
    -24,
    -25,
    -25,
    -24,
    -24,
    -25,
    -24,
    -23,
    -22,
    -22,
    -21,
    -20,
    -20,
    -21,
    -20,
    -20,
    -21,
    -20,
    -20
  ],
  "reversal_points": [
    4,
    7,
    20,
    22,
    25,
    27,
    34,
    36,
    40,
    42,
    43,
    50,
    51,
    53,
    54,
    56
  ],
  "reversal_intensities": [
    -10,
    -6,
    -20,
    -19,
    -21,
    -20,
    -24,
    -23,
    -25,
    -24,
    -25,
    -20,
    -21,
    -20,
    -21,
    -20
  ],
  "current_direction": "down",
  "correct_counter": 0,
  "_next_intensity": -21,
  "min_val": -Infinity,
  "max_val": Infinity,
  "pf_intensities": [
    -25,
    -24,
    -23,
    -22,
    -21,
    -20,
    -19,
    -18,
    -16,
    -14,
    -12,
    -10,
    -8,
    -6,
    -2,
    2
  ],
  "pf_percent_correct": [
    0.3333333333333333,
    0.6666666666666666,
    0.8,
    0.75,
    0.3333333333333333,
    0.9090909090909091,
    1.0,
    1.0,
    1.0,
    1.0,
    1.0,
    0.6666666666666666,
    0.6666666666666666,
    1.0,
    1.0,
    1.0
  ],
  "pf_responses_per_intensity": [
    3,
    6,
    5,
    4,
    6,
    11,
    2,
    2,
    2,
    2,
    2,
    3,
    3,
    3,
    1,
    1
  ]
}