{
  "label": "",
  "start_val": 2,
  "n_up": 1,
  "n_down": 2,
  "step_type": "lin",
  "step_sizes": [
    4,
    2,
    2,
    1
  ],
  "_variable_step": true,
  "step_up_factor": 1,
  "step_size_current": 1,
  "n_reversals": 16,
  "finished": true,
  "n_pretrials": 0,
  "this_trial_n": 58,
  "data": [
    true,
    true,
    true,
    false,
    false,
    true,
    true,
    true,
    true,
    true,
    true,
    false,
    false,
    true,
    true,
    true,
    true,
    false,
    true,
    true,
    false,
    true,
    true,
    false,
    false,
    true,
    true,
    true,
    true,
    true,
    true,
    true,
    true,
    true,
    true,
    true,
    false,
    true,
    false,
    true,
    true,
    true,
    true,
    true,
    true,
    true,
    true,
    true,
    true,
    true,
    false,
    true,
    true,
    false,
    true,
    false,
    true,
    true
  ],
  "intensities": [
    2,
    -2,
    -6,
    -10,
    -8,
    -6,
    -6,
    -8,
    -8,
    -10,
    -10,
    -12,
    -11,
    -10,
    -10,
    -11,
    -11,
    -12,
    -11,
    -11,
    -12,
    -11,
    -11,
    -12,
    -11,
    -10,
    -10,
    -11,
    -11,
    -12,
    -12,
    -13,
    -13,
    -14,
    -14,
    -15,
    -15,
    -14,
    -14,
    -13,
    -13,
    -14,
    -14,
    -15,
    -15,
    -16,
    -16,
    -17,
    -17,
    -18,
    -18,
    -17,
    -17,
    -18,
    -17,
    -17,
    -16,
    -16
  ],
  "reversal_points": [
    4,
    7,
    12,
    15,
    18,
    20,
    21,
    23,
    24,
    27,
    37,
    41,
    51,
    53,
    54,
    58
  ],
  "reversal_intensities": [
    -10,
    -6,
    -12,
    -10,
    -12,
    -11,
    -12,
    -11,
    -12,
    -10,
    -15,
    -13,
    -18,
    -17,
    -18,
    -16
  ],
  "current_direction": "down",
  "correct_counter": 0,
  "_next_intensity": -17,
  "min_val": -Infinity,
  "max_val": Infinity,
  "pf_intensities": [
    -18,
    -17,
    -16,
    -15,
    -14,
    -13,
    -12,
    -11,
    -10,
    -8,
    -6,
    -2,
    2
  ],
  "pf_percent_correct": [
    0.3333333333333333,
    0.8333333333333334,
    1.0,
    0.75,
    0.8333333333333334,
    1.0,
    0.3333333333333333,
    0.8,
    0.8571428571428571,
    0.6666666666666666,
    1.0,
    1.0,
    1.0
  ],
  "pf_responses_per_intensity": [
    3,
    6,
    4,
    4,
    6,
    4,
    6,
    10,
    7,
    3,
    3,
    1,
    1
  ]
}